<?xml version="1.0" encoding="UTF-8"?>
<project-private xmlns="http://www.netbeans.org/ns/project-private/1">
    <editor-bookmarks xmlns="http://www.netbeans.org/ns/editor-bookmarks/2" lastBookmarkId="0"/>
    <open-files xmlns="http://www.netbeans.org/ns/projectui-open-files/2">
        <group name="Martin">
            <file>file:/Users/martinarzuaga/NetBeansProjects/ObliArquitectura/ObliArquitectura-ejb/src/java/uy/edu/ort/arquitectura/EntidadesSB/UsuarioSB.java</file>
            <file>file:/Users/martinarzuaga/NetBeansProjects/ObliArquitectura/ObliArquitectura-ejb/src/java/uy/edu/ort/arquitectura/EntidadesSB/UsuarioSBLocal.java</file>
        </group>
    </open-files>
</project-private>
